operation	argument1	argument2
info	kegg	-
info	pathway	-
info	brite	-
info	module	-
info	ko	-
info	genome	-
info	genes	-
info	ligand	-
info	compound	-
info	glycan	-
info	reaction	-
info	rclass	-
info	enzyme	-
info	network	-
info	variant	-
info	disease	-
info	drug	-
info	dgroup	-
info	cel	-
info	hsa	-
info	eco	-
info	sce	-
info	ath	-
info	dme	-
info	mmu	-
list	hsa:10458	-
list	hsa:7157	-
list	hsa:672	-
list	hsa:675	-
list	hsa:1956	-
list	hsa:2064	-
list	hsa:5290	-
list	hsa:7422	-
list	hsa:3845	-
list	hsa:5970	-
list	hsa:4609	-
list	hsa:2475	-
list	hsa:5728	-
list	hsa:1029	-
list	hsa:3553	-
list	hsa:7124	-
list	hsa:7040	-
list	hsa:3091	-
list	hsa:3105	-
list	hsa:4318	-
list	hsa:5243	-
list	hsa:5468	-
list	hsa:2099	-
list	hsa:2100	-
list	hsa:348	-
find	compound	glucose
find	compound	fructose
find	compound	galactose
find	compound	mannose
find	compound	sucrose
find	compound	lactose
find	compound	maltose
find	compound	ribose
find	compound	xylose
find	compound	pyruvate
find	compound	citrate
find	compound	acetate
find	compound	ethanol
find	compound	cholesterol
find	compound	adenine
find	compound	guanine
find	compound	cytosine
find	compound	thymine
find	compound	uracil
find	compound	glycine
find	compound	alanine
find	compound	valine
find	compound	leucine
find	compound	serine
find	compound	cysteine
get	hsa:10458	-
get	hsa:7157	-
get	hsa:672	-
get	hsa:675	-
get	hsa:1956	-
get	hsa:2064	-
get	hsa:5290	-
get	hsa:7422	-
get	hsa:3845	-
get	hsa:5970	-
get	hsa:4609	-
get	hsa:2475	-
get	hsa:5728	-
get	hsa:1029	-
get	hsa:3553	-
get	hsa:7124	-
get	hsa:7040	-
get	hsa:3091	-
get	hsa:3105	-
get	hsa:4318	-
get	hsa:5243	-
get	hsa:5468	-
get	hsa:2099	-
get	hsa:2100	-
get	hsa:348	-
getseq	hsa:10458	-
getseq	hsa:7157	-
getseq	hsa:672	-
getseq	hsa:675	-
getseq	hsa:1956	-
getseq	hsa:2064	-
getseq	hsa:5290	-
getseq	hsa:7422	-
getseq	hsa:3845	-
getseq	hsa:5970	-
getseq	hsa:4609	-
getseq	hsa:2475	-
getseq	hsa:5728	-
getseq	hsa:1029	-
getseq	hsa:3553	-
getseq	hsa:7124	-
getseq	hsa:7040	-
getseq	hsa:3091	-
getseq	hsa:3105	-
getseq	hsa:4318	-
getseq	hsa:5243	-
getseq	hsa:5468	-
getseq	hsa:2099	-
getseq	hsa:2100	-
getseq	hsa:348	-
conv	ncbi-geneid	hsa:10458
conv	ncbi-geneid	hsa:7157
conv	ncbi-geneid	hsa:672
conv	ncbi-geneid	hsa:675
conv	ncbi-geneid	hsa:1956
conv	ncbi-geneid	hsa:2064
conv	ncbi-geneid	hsa:5290
conv	ncbi-geneid	hsa:7422
conv	ncbi-geneid	hsa:3845
conv	ncbi-geneid	hsa:5970
conv	ncbi-geneid	hsa:4609
conv	ncbi-geneid	hsa:2475
conv	ncbi-geneid	hsa:5728
conv	ncbi-geneid	hsa:1029
conv	ncbi-geneid	hsa:3553
conv	ncbi-geneid	hsa:7124
conv	ncbi-geneid	hsa:7040
conv	ncbi-geneid	hsa:3091
conv	ncbi-geneid	hsa:3105
conv	ncbi-geneid	hsa:4318
conv	ncbi-geneid	hsa:5243
conv	ncbi-geneid	hsa:5468
conv	ncbi-geneid	hsa:2099
conv	ncbi-geneid	hsa:2100
conv	ncbi-geneid	hsa:348
link	pathway	hsa:10458
link	pathway	hsa:7157
link	pathway	hsa:672
link	pathway	hsa:675
link	pathway	hsa:1956
link	pathway	hsa:2064
link	pathway	hsa:5290
link	pathway	hsa:7422
link	pathway	hsa:3845
link	pathway	hsa:5970
link	pathway	hsa:4609
link	pathway	hsa:2475
link	pathway	hsa:5728
link	pathway	hsa:1029
link	pathway	hsa:3553
link	pathway	hsa:7124
link	pathway	hsa:7040
link	pathway	hsa:3091
link	pathway	hsa:3105
link	pathway	hsa:4318
link	pathway	hsa:5243
link	pathway	hsa:5468
link	pathway	hsa:2099
link	pathway	hsa:2100
link	pathway	hsa:348
ddi	D00006	-
ddi	D00008	-
ddi	D00015	-
ddi	D00018	-
ddi	D00020	-
ddi	D00028	-
ddi	D00032	-
ddi	D00033	-
ddi	D00043	-
ddi	D00045	-
ddi	D00049	-
ddi	D00052	-
ddi	D00058	-
ddi	D00059	-
ddi	D00060	-
ddi	D00062	-
ddi	D00063	-
ddi	D00066	-
ddi	D00067	-
ddi	D00068	-
ddi	D00069	-
ddi	D00070	-
ddi	D00073	-
ddi	D00074	-
ddi	D00075	-
